{
    "CacheComponent": {
        "measure": 105.89500001515262,
        "renderCount": 119
    },
    "DisplayNone D4KeQl0V7KULORxOdqYotPyLOq": {
        "measure": 19.5499999972526,
        "renderCount": 8
    },
    "DisplayNone 4dmAE76O00FbQPpkZ7DJuJp041": {
        "measure": 53.61000000266358,
        "renderCount": 8
    },
    "DisplayNone mJvq41O57VFjEKwmz4mnu3615W": {
        "measure": 32.49499999219552,
        "renderCount": 6
    },
    "DisplayNone 4dmAE76O0YilMdZgp96Dsbn97e": {
        "measure": 15.339999983552843,
        "renderCount": 10
    },
    "DisplayNone qljZr9WbYPHAaA1gEOanc9pO35": {
        "measure": 13.635000010253862,
        "renderCount": 10
    },
    "DisplayNone BPV0ZljYdehQ9wR9MoLJIrLrLa": {
        "measure": 19.61499999742955,
        "renderCount": 6
    },
    "DisplayNone ygJmWn5q7wS63Ozj6wovfodMLg": {
        "measure": 28.870000009192154,
        "renderCount": 33
    },
    "DisplayNone M6Pl7R30rECQn7a9OP4MHrqYdo": {
        "measure": 21.849999990081415,
        "renderCount": 40
    },
    "DisplayNone 61MyVnm7k3IP7Mlq7EVMszYo1Q": {
        "measure": 26.089999999385327,
        "renderCount": 16
    },
    "DisplayNone Rgq6MV7QmEipwnBejqEnT75YdB": {
        "measure": 14.66499999514781,
        "renderCount": 12
    },
    "DisplayNone VywdDrg3mlTpYrd0nAaDUOYV1e": {
        "measure": 13.755000021774322,
        "renderCount": 8
    },
    "DisplayNone wW4975KQVzS17BDVOZojTMRK96": {
        "measure": 5.659999995259568,
        "renderCount": 2
    },
    "DisplayNone lQKjZMAv71tMWAXRlwRlF6dWWv": {
        "measure": 7.4899999890476465,
        "renderCount": 2
    },
    "DisplayNone 1pm4Xrl3Bpim6ypO5DBQcKBeBv": {
        "measure": 26.07500000158325,
        "renderCount": 2
    },
    "DisplayNone 7Vd4aLWmOJIxRp3jAbr7uP9aPy": {
        "measure": 10.449999972479418,
        "renderCount": 2
    },
    "DisplayNone WD69pr1lAEHx6W7kWynlt7dE9V": {
        "measure": 8.229999977629632,
        "renderCount": 2
    },
    "DisplayNone vmZR69a4k0FoqJEJDykRIyeZ3q": {
        "measure": 16.23999999719672,
        "renderCount": 2
    },
    "DisplayNone Jlb4AOJBWdso4WvnbVQpCDQnyJ": {
        "measure": 8.86000000173226,
        "renderCount": 2
    },
    "DisplayNone Jlb4AOJBxxfV3e544AqzIll4Yz": {
        "measure": 10.249999992083758,
        "renderCount": 2
    },
    "DisplayNone 61MyVnm7Yqsq5erAv3LztzwM4A": {
        "measure": 8.82000001729466,
        "renderCount": 2
    },
    "DisplayNone 9KkDvyowQgcYAn0WvYgXFrdqAp": {
        "measure": 8.869999990565702,
        "renderCount": 2
    },
    "DisplayNone Jlb4AOJBWEc5MvaQWkjLhlALo0": {
        "measure": 8.98000001325272,
        "renderCount": 2
    },
    "DisplayNone orzRJa7oMKUmm1aVq0RxSe3lz9": {
        "measure": 8.895000006305054,
        "renderCount": 2
    },
    "DisplayNone PWQJw7OZAVCn9KQrnnWahKZkQa": {
        "measure": 8.570000005420297,
        "renderCount": 2
    },
    "DisplayNone QwJ9g164eMTdJlDDj9qzS115XW": {
        "measure": 8.82000001729466,
        "renderCount": 2
    },
    "DisplayNone 9KkDvyowOWhjEMOze5x1CryPqZ": {
        "measure": 9.714999992866069,
        "renderCount": 2
    },
    "DisplayNone vmZR69a4e1sWdDd6DjwOTdoDJB": {
        "measure": 11.059999989811331,
        "renderCount": 2
    },
    "DisplayNone 7Vd4aLWmZzHaX9waypnocXM9PZ": {
        "measure": 5.18999999621883,
        "renderCount": 2
    },
    "DisplayNone Rgq6MV7QADsq6YZrzw7ZSnz6j3": {
        "measure": 19.25500002107583,
        "renderCount": 2
    }
}
